Date,Name,Year,Letterboxd URI,Rating
2025-09-18,Interstellar,2014,https://boxd.it/4VZ8,5
2025-10-15,It,2017,https://boxd.it/bC8e,3.5
2025-10-15,Oppenheimer,2023,https://boxd.it/wUow,3.5
2025-10-15,Band of Brothers,2001,https://boxd.it/aRNY,4
2025-10-15,Planet Earth II,2016,https://boxd.it/eS8g,4
2025-10-15,Planet Earth,2006,https://boxd.it/5Nx8,4.5
2025-10-15,The Shawshank Redemption,1994,https://boxd.it/2aHi,4.5
2025-10-15,Schindler's List,1993,https://boxd.it/2aq2,4
2025-10-15,Parasite,2019,https://boxd.it/hTha,4
2025-10-15,Blue Planet II,2017,https://boxd.it/gACc,4.5
2025-10-15,The Godfather,1972,https://boxd.it/2aNK,4.5
2025-10-15,Adventure Time,2007,https://boxd.it/bZZ6,4
2025-10-15,Planet Earth III,2023,https://boxd.it/JHlg,3.5
2025-10-15,Spirited Away,2001,https://boxd.it/2b4m,5
2025-10-15,GoodFellas,1990,https://boxd.it/29FA,3.5
2025-10-15,The Pianist,2002,https://boxd.it/2aqc,4
2025-10-15,The Lord of the Rings: The Fellowship of the Ring,2001,https://boxd.it/2b5O,4
2025-10-15,Cosmos,2014,https://boxd.it/J34E,3.5
2025-10-15,Good Will Hunting,1997,https://boxd.it/2ahY,4
2025-10-15,Ocean with David Attenborough,2025,https://boxd.it/TC2S,4
2025-10-15,Mr. Robot_dec0d3d.doc,2016,https://boxd.it/SFZw,4
2025-10-15,Fight Club,1999,https://boxd.it/2a9q,3.5
2025-10-15,The Green Mile,1999,https://boxd.it/2agG,5
2025-10-15,Saving Private Ryan,1998,https://boxd.it/29ro,3.5
2025-10-15,The Queen's Gambit,2020,https://boxd.it/s1Ym,3.5
2025-10-15,Inception,2010,https://boxd.it/1skk,5
2025-10-15,Shutter Island,2010,https://boxd.it/1U82,5
2025-10-15,Gladiator,2000,https://boxd.it/2b9m,3.5
2025-10-15,Twilight,2008,https://boxd.it/1Zui,3
2025-10-15,Whiplash,2014,https://boxd.it/7bQA,3
2025-10-15,Avatar: The Way of Water,2022,https://boxd.it/2E2E,4
2025-10-15,The Witch,2015,https://boxd.it/9X0m,3.5
2025-10-15,Harry Potter and the Goblet of Fire,2005,https://boxd.it/29Qo,4
2025-10-15,Harry Potter and the Chamber of Secrets,2002,https://boxd.it/29QI,4
2025-10-15,The Twilight Saga: Eclipse,2010,https://boxd.it/1ytW,3.5
2025-10-15,The Wolf of Wall Street,2013,https://boxd.it/3C1m,4
2025-10-15,Zodiac,2007,https://boxd.it/27MO,3
2025-10-15,Arrival,2016,https://boxd.it/aNGk,2.5
2025-10-15,Harry Potter and the Order of the Phoenix,2007,https://boxd.it/29Qe,4
2025-10-15,The Godfather Part II,1974,https://boxd.it/2aNq,4
2025-10-15,The Lord of the Rings: The Two Towers,2002,https://boxd.it/2b5E,4
2025-10-15,The Twilight Saga: Breaking Dawn – Part 2,2012,https://boxd.it/DdC,3.5
2025-10-15,Coco,2017,https://boxd.it/bYJQ,4
2025-10-15,The Social Network,2010,https://boxd.it/17ue,3.5
2025-10-15,The Lord of the Rings: The Return of the King,2003,https://boxd.it/2b5u,3.5
2025-10-15,Avatar,2009,https://boxd.it/1Efm,4
2025-10-15,Harry Potter and the Deathly Hallows: Part 1,2010,https://boxd.it/1RYu,4
2025-10-15,Shrek 2,2004,https://boxd.it/29z8,3.5
2025-10-15,Pirates of the Caribbean: The Curse of the Black Pearl,2003,https://boxd.it/70G,4
2025-10-15,Hotel Transylvania,2012,https://boxd.it/2DF6,3.5
2025-10-15,It Chapter Two,2019,https://boxd.it/h10u,3
2025-10-15,Harry Potter and the Deathly Hallows: Part 2,2011,https://boxd.it/1RYk,3.5
2025-10-15,The Martian,2015,https://boxd.it/8SeG,3.5
2025-10-15,Grave of the Fireflies,1988,https://boxd.it/1RUM,5
2025-10-15,Maze Runner: The Death Cure,2018,https://boxd.it/bakw,4
2025-10-15,Smile,2022,https://boxd.it/xjfE,3
2025-10-15,Joker,2019,https://boxd.it/h4cS,4
2025-10-15,Scarface,1983,https://boxd.it/2b7g,3.5
2025-10-15,Cars,2006,https://boxd.it/29ho,4
2025-10-15,Split,2016,https://boxd.it/dgSy,4.5
2025-10-15,The Incredibles,2004,https://boxd.it/1XLm,3
2025-10-15,Deadpool & Wolverine,2024,https://boxd.it/jq8s,2.5
2025-10-15,Iron Man,2008,https://boxd.it/28dA,3
2025-10-15,Megamind,2010,https://boxd.it/16Sk,3
2025-10-15,"Monsters, Inc.",2001,https://boxd.it/2a46,4
2025-10-15,WALL·E,2008,https://boxd.it/1VEo,4
2025-10-15,Toy Story,1995,https://boxd.it/29qA,3.5
2025-10-15,Up,2009,https://boxd.it/1OEc,3.5
2025-10-15,The Ritual,2017,https://boxd.it/fo0I,3
2025-10-15,All Quiet on the Western Front,2022,https://boxd.it/H08,3.5
2025-10-15,Green Book,2018,https://boxd.it/hErk,4
2025-10-15,World War Z,2013,https://boxd.it/2p2E,4.5
2025-10-15,Don't Look Up,2021,https://boxd.it/o0Hc,3
2025-10-15,Inside Out 2,2024,https://boxd.it/CFrC,3.5
2025-10-15,How to Train Your Dragon,2010,https://boxd.it/1WRy,3.5
2025-10-15,Gladiator II,2024,https://boxd.it/kqQQ,3.5
2025-10-15,Moneyball,2011,https://boxd.it/glS,3.5
2025-10-15,Cars 2,2011,https://boxd.it/H4Y,3.5
2025-10-15,Finding Nemo,2003,https://boxd.it/72i,4
2025-10-15,Pirates of the Caribbean: At World's End,2007,https://boxd.it/2aGu,3.5
2025-10-15,The Intouchables,2011,https://boxd.it/2FT0,4
2025-10-15,Into the Wild,2007,https://boxd.it/22m2,2
2025-10-15,Kung Fu Panda,2008,https://boxd.it/1Yws,3.5
2025-10-15,Paddington,2014,https://boxd.it/3RKw,3.5
2025-10-15,Frozen,2013,https://boxd.it/3GNa,3.5
2025-10-15,Big Hero 6,2014,https://boxd.it/5rje,4
2025-10-15,The Godfather Part III,1990,https://boxd.it/2aN6,3.5
2025-10-15,Bride of Chucky,1998,https://boxd.it/1SJU,3.5
2025-10-15,The Revenant,2015,https://boxd.it/8H5e,4
2025-10-15,Toy Story 3,2010,https://boxd.it/1WRe,3.5
2025-10-15,The Lion King,1994,https://boxd.it/201Q,3.5
2025-10-15,Madagascar,2005,https://boxd.it/29dc,3.5
2025-10-15,"The Chronicles of Narnia: The Lion, the Witch and the Wardrobe",2005,https://boxd.it/2ark,4.5
2025-10-15,Child's Play 2,1990,https://boxd.it/1Uqq,3
2025-10-15,Kingsman: The Secret Service,2014,https://boxd.it/6dxe,3
2025-10-15,The Hobbit: An Unexpected Journey,2012,https://boxd.it/GZk,4
2025-10-15,Nobody,2021,https://boxd.it/mLqS,3
2025-10-15,Shrek the Third,2007,https://boxd.it/29yY,4
2025-10-15,Joker: Folie à Deux,2024,https://boxd.it/xBoE,4
2025-10-15,The Curious Case of Benjamin Button,2008,https://boxd.it/23Fk,5
2025-10-15,DAHMER - Monster: The Jeffrey Dahmer Story,2022,https://boxd.it/CRG0,3.5
2025-10-15,I Am Legend,2007,https://boxd.it/21DG,4
2025-10-15,Paddington 2,2017,https://boxd.it/bCF8,3.5
2025-10-15,Brave,2012,https://boxd.it/bVG,3
2025-10-15,The Platform,2019,https://boxd.it/mUm6,3.5
2025-10-15,John Wick: Chapter 4,2023,https://boxd.it/mh48,3
2025-10-15,John Wick: Chapter 2,2017,https://boxd.it/ayGu,3.5
2025-10-15,Fury,2014,https://boxd.it/6JwC,3.5
2025-10-15,Ice Age,2002,https://boxd.it/2apS,4
2025-10-15,Orphan,2009,https://boxd.it/1CgM,3
2025-10-15,Kung Fu Panda 2,2011,https://boxd.it/G36,3.5
2025-10-15,Cloudy with a Chance of Meatballs,2009,https://boxd.it/1A40,4
2025-10-15,The Hobbit: The Battle of the Five Armies,2014,https://boxd.it/43aU,4
2025-10-15,Rise of the Planet of the Apes,2011,https://boxd.it/cS4,4
2025-10-15,Aladdin,1992,https://boxd.it/29yE,3
2025-10-15,Lucy,2014,https://boxd.it/75hu,3.5
2025-10-15,Maleficent,2014,https://boxd.it/3v1u,3
2025-10-15,Moana 2,2024,https://boxd.it/LcjW,3
2025-10-15,Godzilla × Kong: The New Empire,2024,https://boxd.it/v1PK,3.5
2025-10-15,Toy Story 4,2019,https://boxd.it/9ALu,3
2025-10-15,Shrek Forever After,2010,https://boxd.it/1WRo,4
2025-10-16,The Sixth Sense,1999,https://boxd.it/29Js,3
2025-10-16,The Maze Runner,2014,https://boxd.it/5YPM,3.5
2025-10-16,A Visitor to a Museum,1989,https://boxd.it/2wKe,3.5
2025-10-16,Who Am I,2014,https://boxd.it/8ND2,4.5
2025-10-16,The Prestige,2006,https://boxd.it/293w,5
2025-10-16,Society of the Snow,2023,https://boxd.it/y9aw,3
2025-10-16,The Blind Side,2009,https://boxd.it/1zWg,2.5
2025-10-16,The Boy Who Harnessed the Wind,2019,https://boxd.it/hIgA,4.5
2025-10-16,Ayla: The Daughter of War,2017,https://boxd.it/gWyw,3.5
2025-10-16,Unbroken,2014,https://boxd.it/6IaA,3.5
2025-10-16,Geostorm,2017,https://boxd.it/8lC6,1.5
2025-10-16,Gifted Hands: The Ben Carson Story,2009,https://boxd.it/1Adc,3
2025-10-18,Bird Box,2018,https://boxd.it/eh1i,3
2025-10-18,Jurassic World: Fallen Kingdom,2018,https://boxd.it/bOnU,3
2025-10-18,Creed II,2018,https://boxd.it/hgl8,2.5
2025-10-18,Rampage,2018,https://boxd.it/f9a4,2.5
2025-10-18,Bodyguard,2018,https://boxd.it/vC2U,2.5
2025-10-19,Prisoners,2013,https://boxd.it/4E5i,3.5
2025-10-19,Dune,2021,https://boxd.it/fA7G,3
2025-10-20,The Pursuit of Happyness,2006,https://boxd.it/28PE,4.5
