Date,Name,Year,Letterboxd URI
2025-09-18,Interstellar,2014,https://boxd.it/4VZ8
2025-10-15,It,2017,https://boxd.it/bC8e
2025-10-15,Oppenheimer,2023,https://boxd.it/wUow
2025-10-15,Band of Brothers,2001,https://boxd.it/aRNY
2025-10-15,Planet Earth II,2016,https://boxd.it/eS8g
2025-10-15,Planet Earth,2006,https://boxd.it/5Nx8
2025-10-15,The Shawshank Redemption,1994,https://boxd.it/2aHi
2025-10-15,Schindler's List,1993,https://boxd.it/2aq2
2025-10-15,Parasite,2019,https://boxd.it/hTha
2025-10-15,Blue Planet II,2017,https://boxd.it/gACc
2025-10-15,The Godfather,1972,https://boxd.it/2aNK
2025-10-15,Adventure Time,2007,https://boxd.it/bZZ6
2025-10-15,Planet Earth III,2023,https://boxd.it/JHlg
2025-10-15,Spirited Away,2001,https://boxd.it/2b4m
2025-10-15,GoodFellas,1990,https://boxd.it/29FA
2025-10-15,The Pianist,2002,https://boxd.it/2aqc
2025-10-15,The Lord of the Rings: The Fellowship of the Ring,2001,https://boxd.it/2b5O
2025-10-15,Cosmos,2014,https://boxd.it/J34E
2025-10-15,Good Will Hunting,1997,https://boxd.it/2ahY
2025-10-15,Ocean with David Attenborough,2025,https://boxd.it/TC2S
2025-10-15,Mr. Robot_dec0d3d.doc,2016,https://boxd.it/SFZw
2025-10-15,Fight Club,1999,https://boxd.it/2a9q
2025-10-15,The Green Mile,1999,https://boxd.it/2agG
2025-10-15,Saving Private Ryan,1998,https://boxd.it/29ro
2025-10-15,The Queen's Gambit,2020,https://boxd.it/s1Ym
2025-10-15,Inception,2010,https://boxd.it/1skk
2025-10-15,Shutter Island,2010,https://boxd.it/1U82
2025-10-15,Gladiator,2000,https://boxd.it/2b9m
2025-10-15,Twilight,2008,https://boxd.it/1Zui
2025-10-15,Whiplash,2014,https://boxd.it/7bQA
2025-10-15,Avatar: The Way of Water,2022,https://boxd.it/2E2E
2025-10-15,The Witch,2015,https://boxd.it/9X0m
2025-10-15,Harry Potter and the Goblet of Fire,2005,https://boxd.it/29Qo
2025-10-15,Harry Potter and the Chamber of Secrets,2002,https://boxd.it/29QI
2025-10-15,The Twilight Saga: Eclipse,2010,https://boxd.it/1ytW
2025-10-15,The Wolf of Wall Street,2013,https://boxd.it/3C1m
2025-10-15,Zodiac,2007,https://boxd.it/27MO
2025-10-15,Arrival,2016,https://boxd.it/aNGk
2025-10-15,Harry Potter and the Order of the Phoenix,2007,https://boxd.it/29Qe
2025-10-15,The Godfather Part II,1974,https://boxd.it/2aNq
2025-10-15,The Lord of the Rings: The Two Towers,2002,https://boxd.it/2b5E
2025-10-15,The Twilight Saga: Breaking Dawn – Part 2,2012,https://boxd.it/DdC
2025-10-15,Coco,2017,https://boxd.it/bYJQ
2025-10-15,The Social Network,2010,https://boxd.it/17ue
2025-10-15,The Lord of the Rings: The Return of the King,2003,https://boxd.it/2b5u
2025-10-15,Avatar,2009,https://boxd.it/1Efm
2025-10-15,Harry Potter and the Deathly Hallows: Part 1,2010,https://boxd.it/1RYu
2025-10-15,Shrek 2,2004,https://boxd.it/29z8
2025-10-15,Pirates of the Caribbean: The Curse of the Black Pearl,2003,https://boxd.it/70G
2025-10-15,Hotel Transylvania,2012,https://boxd.it/2DF6
2025-10-15,It Chapter Two,2019,https://boxd.it/h10u
2025-10-15,Harry Potter and the Deathly Hallows: Part 2,2011,https://boxd.it/1RYk
2025-10-15,The Martian,2015,https://boxd.it/8SeG
2025-10-15,Grave of the Fireflies,1988,https://boxd.it/1RUM
2025-10-15,Maze Runner: The Death Cure,2018,https://boxd.it/bakw
2025-10-15,Smile,2022,https://boxd.it/xjfE
2025-10-15,Joker,2019,https://boxd.it/h4cS
2025-10-15,Scarface,1983,https://boxd.it/2b7g
2025-10-15,Cars,2006,https://boxd.it/29ho
2025-10-15,Split,2016,https://boxd.it/dgSy
2025-10-15,The Incredibles,2004,https://boxd.it/1XLm
2025-10-15,Deadpool & Wolverine,2024,https://boxd.it/jq8s
2025-10-15,Iron Man,2008,https://boxd.it/28dA
2025-10-15,Megamind,2010,https://boxd.it/16Sk
2025-10-15,"Monsters, Inc.",2001,https://boxd.it/2a46
2025-10-15,WALL·E,2008,https://boxd.it/1VEo
2025-10-15,Toy Story,1995,https://boxd.it/29qA
2025-10-15,Up,2009,https://boxd.it/1OEc
2025-10-15,The Ritual,2017,https://boxd.it/fo0I
2025-10-15,All Quiet on the Western Front,2022,https://boxd.it/H08
2025-10-15,Green Book,2018,https://boxd.it/hErk
2025-10-15,World War Z,2013,https://boxd.it/2p2E
2025-10-15,Don't Look Up,2021,https://boxd.it/o0Hc
2025-10-15,Inside Out 2,2024,https://boxd.it/CFrC
2025-10-15,How to Train Your Dragon,2010,https://boxd.it/1WRy
2025-10-15,Gladiator II,2024,https://boxd.it/kqQQ
2025-10-15,Moneyball,2011,https://boxd.it/glS
2025-10-15,Cars 2,2011,https://boxd.it/H4Y
2025-10-15,Finding Nemo,2003,https://boxd.it/72i
2025-10-15,Pirates of the Caribbean: At World's End,2007,https://boxd.it/2aGu
2025-10-15,The Intouchables,2011,https://boxd.it/2FT0
2025-10-15,Into the Wild,2007,https://boxd.it/22m2
2025-10-15,Kung Fu Panda,2008,https://boxd.it/1Yws
2025-10-15,Paddington,2014,https://boxd.it/3RKw
2025-10-15,Frozen,2013,https://boxd.it/3GNa
2025-10-15,Big Hero 6,2014,https://boxd.it/5rje
2025-10-15,The Godfather Part III,1990,https://boxd.it/2aN6
2025-10-15,Bride of Chucky,1998,https://boxd.it/1SJU
2025-10-15,The Revenant,2015,https://boxd.it/8H5e
2025-10-15,Toy Story 3,2010,https://boxd.it/1WRe
2025-10-15,The Lion King,1994,https://boxd.it/201Q
2025-10-15,Madagascar,2005,https://boxd.it/29dc
2025-10-15,"The Chronicles of Narnia: The Lion, the Witch and the Wardrobe",2005,https://boxd.it/2ark
2025-10-15,Child's Play 2,1990,https://boxd.it/1Uqq
2025-10-15,Kingsman: The Secret Service,2014,https://boxd.it/6dxe
2025-10-15,The Hobbit: An Unexpected Journey,2012,https://boxd.it/GZk
2025-10-15,Nobody,2021,https://boxd.it/mLqS
2025-10-15,Shrek the Third,2007,https://boxd.it/29yY
2025-10-15,Joker: Folie à Deux,2024,https://boxd.it/xBoE
2025-10-15,The Curious Case of Benjamin Button,2008,https://boxd.it/23Fk
2025-10-15,DAHMER - Monster: The Jeffrey Dahmer Story,2022,https://boxd.it/CRG0
2025-10-15,I Am Legend,2007,https://boxd.it/21DG
2025-10-15,Paddington 2,2017,https://boxd.it/bCF8
2025-10-15,Brave,2012,https://boxd.it/bVG
2025-10-15,The Platform,2019,https://boxd.it/mUm6
2025-10-15,John Wick: Chapter 4,2023,https://boxd.it/mh48
2025-10-15,John Wick: Chapter 2,2017,https://boxd.it/ayGu
2025-10-15,Bird Box,2018,https://boxd.it/eh1i
2025-10-15,Fury,2014,https://boxd.it/6JwC
2025-10-15,Ice Age,2002,https://boxd.it/2apS
2025-10-15,Orphan,2009,https://boxd.it/1CgM
2025-10-15,Kung Fu Panda 2,2011,https://boxd.it/G36
2025-10-15,Cloudy with a Chance of Meatballs,2009,https://boxd.it/1A40
2025-10-15,The Hobbit: The Battle of the Five Armies,2014,https://boxd.it/43aU
2025-10-15,Rise of the Planet of the Apes,2011,https://boxd.it/cS4
2025-10-15,Aladdin,1992,https://boxd.it/29yE
2025-10-15,Lucy,2014,https://boxd.it/75hu
2025-10-15,Maleficent,2014,https://boxd.it/3v1u
2025-10-15,Moana 2,2024,https://boxd.it/LcjW
2025-10-15,Godzilla × Kong: The New Empire,2024,https://boxd.it/v1PK
2025-10-15,Toy Story 4,2019,https://boxd.it/9ALu
2025-10-15,Shrek Forever After,2010,https://boxd.it/1WRo
2025-10-16,The Sixth Sense,1999,https://boxd.it/29Js
2025-10-16,The Maze Runner,2014,https://boxd.it/5YPM
2025-10-16,A Visitor to a Museum,1989,https://boxd.it/2wKe
2025-10-16,Who Am I,2014,https://boxd.it/8ND2
2025-10-16,The Prestige,2006,https://boxd.it/293w
2025-10-16,Society of the Snow,2023,https://boxd.it/y9aw
2025-10-16,The Blind Side,2009,https://boxd.it/1zWg
2025-10-16,The Boy Who Harnessed the Wind,2019,https://boxd.it/hIgA
2025-10-16,Ayla: The Daughter of War,2017,https://boxd.it/gWyw
2025-10-16,Unbroken,2014,https://boxd.it/6IaA
2025-10-16,Geostorm,2017,https://boxd.it/8lC6
2025-10-16,Gifted Hands: The Ben Carson Story,2009,https://boxd.it/1Adc
2025-10-18,Jurassic World: Fallen Kingdom,2018,https://boxd.it/bOnU
2025-10-18,Creed II,2018,https://boxd.it/hgl8
2025-10-18,Rampage,2018,https://boxd.it/f9a4
2025-10-18,Bodyguard,2018,https://boxd.it/vC2U
2025-10-19,Prisoners,2013,https://boxd.it/4E5i
2025-10-19,Dune,2021,https://boxd.it/fA7G
2025-10-20,The Pursuit of Happyness,2006,https://boxd.it/28PE